{
  "total_clusters": 4,
  "total_noise_points": 8,
  "clustering_params": {
    "enable_clustering": true,
    "enable_pipeline_optimization": true,
    "export_clustering_results": true,
    "clustering_output_path": "co2_clustering_results.json",
    "eps_distance_km": 15.0,
    "min_samples": 3,
    "max_clusters": 200,
    "noise_plant_handling": "direct_connection",
    "pipeline_weight": 0.3,
    "shared_pipeline_discount_factor": 0.65,
    "processing_cost_base": 10.0
  },
  "clusters": [
    {
      "cluster_id": 0,
      "member_locations": [
        "co2_source_3",
        "co2_source_4",
        "co2_source_5",
        "co2_source_6"
      ],
      "member_coords": [
        [
          39.9801382,
          117.4630704
        ],
        [
          39.9801382,
          117.4630704
        ],
        [
          39.9801382,
          117.4630704
        ],
        [
          39.9801382,
          117.4630704
        ]
      ],
      "center_coord": [
        39.9801382,
        117.46307040000002
      ],
      "geo_center": [
        39.9801382,
        117.46307040000002
      ],
      "total_capacity_ton_per_week": 227908.8,
      "member_count": 4
    },
    {
      "cluster_id": 1,
      "member_locations": [
        "co2_source_7",
        "co2_source_8",
        "co2_source_9",
        "co2_source_10",
        "co2_source_17",
        "co2_source_18",
        "co2_source_22",
        "co2_source_23",
        "co2_source_27",
        "co2_source_29",
        "co2_source_30"
      ],
      "member_coords": [
        [
          39.9527554,
          116.8487413
        ],
        [
          39.9527554,
          116.8487413
        ],
        [
          39.9527554,
          116.8487413
        ],
        [
          39.9527554,
          116.8487413
        ],
        [
          39.907844,
          116.694372
        ],
        [
          40.101857,
          116.468205
        ],
        [
          39.951717,
          116.618218
        ],
        [
          39.978379,
          116.438267
        ],
        [
          39.97149,
          116.495479
        ],
        [
          39.946923,
          116.61362
        ],
        [
          39.885741,
          116.53263
        ]
      ],
      "center_coord": [
        39.9527554,
        116.8487413
      ],
      "geo_center": [
        39.959651035202356,
        116.65965416962038
      ],
      "total_capacity_ton_per_week": 423106.44264,
      "member_count": 11
    },
    {
      "cluster_id": 2,
      "member_locations": [
        "co2_source_11",
        "co2_source_12",
        "co2_source_13",
        "co2_source_14"
      ],
      "member_coords": [
        [
          39.1512174,
          117.0382573
        ],
        [
          39.1512174,
          117.0382573
        ],
        [
          39.1512174,
          117.0382573
        ],
        [
          39.1512174,
          117.0382573
        ]
      ],
      "center_coord": [
        39.1512174,
        117.0382573
      ],
      "geo_center": [
        39.1512174,
        117.0382573
      ],
      "total_capacity_ton_per_week": 227908.8,
      "member_count": 4
    },
    {
      "cluster_id": 3,
      "member_locations": [
        "co2_source_20",
        "co2_source_21",
        "co2_source_26",
        "co2_source_28"
      ],
      "member_coords": [
        [
          39.942123,
          116.125862
        ],
        [
          39.832915,
          116.35129
        ],
        [
          39.889359,
          116.27264
        ],
        [
          39.939899,
          116.129712
        ]
      ],
      "center_coord": [
        39.901113757337804,
        116.21993776321919
      ],
      "geo_center": [
        39.901113757337804,
        116.21993776321919
      ],
      "total_capacity_ton_per_week": 232329.384,
      "member_count": 4
    }
  ],
  "noise_points": [
    {
      "location": "co2_source_1",
      "coords": [
        39.4787099,
        116.7688474
      ]
    },
    {
      "location": "co2_source_2",
      "coords": [
        39.4787099,
        116.7688474
      ]
    },
    {
      "location": "co2_source_15",
      "coords": [
        39.563323,
        115.999182
      ]
    },
    {
      "location": "co2_source_16",
      "coords": [
        39.563323,
        115.999182
      ]
    },
    {
      "location": "co2_source_19",
      "coords": [
        40.085791,
        116.194356
      ]
    },
    {
      "location": "co2_source_24",
      "coords": [
        39.300551,
        117.190744
      ]
    },
    {
      "location": "co2_source_25",
      "coords": [
        39.434524,
        116.984489
      ]
    },
    {
      "location": "co2_source_31",
      "coords": [
        39.72377,
        116.0835
      ]
    }
  ]
}